{
    "rules": {
       "no-reference": true,
       "curly": true,
        "label-position": true,
        "no-arg": true,
        "no-bitwise": true,
        "no-conditional-assignment": true,
        "no-construct": true,
        "no-duplicate-variable": true,
        "no-duplicate-key": true,
        "no-empty": false,
        "no-eval": true,
        "no-shadowed-variable": true,
        "no-unreachable": true,
        "no-unused-expression": true,
        "no-use-before-declare": true,
        "no-var-keyword": true,
        "prefer-const": [true, {"destructuring": "all"}],
       "radix": true,
        "switch-default": true,
        "triple-equals": true,
        "use-isnan": true,
        "eofline": true,
        "indent": [false,"tabs"],
        "no-default-export": true,
        "max-line-length": [
            false,
            140
        ],
        "no-trailing-whitespace": false,
        "class-name": true,
        "comment-format": [
            false,
            "check-space"
        ],
        "new-parens": true,
        "no-consecutive-blank-lines": true,
        "no-constructor-vars": true,
        "one-line": [
            true,
            "check-catch",
            "check-else",
            "check-open-brace",
            "check-whitespace"
        ],
        "one-variable-per-declaration": false,
        "semicolon": [
            true,
            "always",
            "ignore-interfaces"
        ],
        "variable-name": [
            true,
            "ban-keywords"
        ],
        "whitespace": [
            true,
            "check-branch",
            "check-decl",
            "check-operator",
            "check-module",
            "check-separator",
            "check-type"
        ],
        "typedef-whitespace": [
            true,
            {
                "call-signature": "nospace",
                "index-signature": "nospace",
                "parameter": "nospace",
                "property-declaration": "nospace",
                "variable-declaration": "nospace"
            },
            {
                "call-signature": "onespace",
                "index-signature": "onespace",
                "parameter": "onespace",
                "property-declaration": "onespace",
                "variable-declaration": "onespace"
            }
        ]
    }
}