{
    "version": "2.0",
    "aggregator": {
        "batchSize": 1000,
        "flushTimeout": "00:00:30"
    },
    "extensions": {
        "cosmosDb": {},
        "durableTask": {},
        "eventHubs": {},
        "http": {},
        "queues": {},
        "sendGrid": {},
        "serviceBus": {}
    },
    "functionTimeout": "00:02:00",
    "healthMonitor": {
        "enabled": true,
        "healthCheckInterval": "00:00:10",
        "healthCheckWindow": "00:02:00",
        "healthCheckThreshold": 6,
        "counterThreshold": 0.80
    },
    "logging": {
        "fileLoggingMode": "always",
        "logLevel": {
            "default": "Trace",
            "Host.Results": "Trace",
            "Function": "Trace",
            "Host.Aggregator": "Trace"
        },
        "applicationInsights": {
            "samplingSettings": {
                "isEnabled": true,
                "maxTelemetryItemsPerSecond": 5
            }
        }
    },
    "watchDirectories": ["aha"]
}